INDICE;NOME;COMENTARIO;ICONE;ALTITUDE;DATA;ANGULO;DISPLAY;ZONA;Y;X;TIPO;LOCAL;DIMENSAO;TESTE
2;2;29/6/2011;101;423,34302;30/12/1989 21:00:00;0;0;21K;7542314,028;724179,694;5;TERRENO;M;2
6;6;29/6/2011;101;451,70178;30/12/1989 21:00:00;0;0;21K;7541448,88;722724,065;1;TERRENO;EG;4
10;10;29/6/2011;101;454,58569;30/12/1989 21:00:00;0;0;21K;7541713,52;722477,527;2;TERRENO;M;2
11;11;29/6/2011;101;456,5083;30/12/1989 21:00:00;0;0;21K;7541996,078;722632,313;6;TERRENO;M;2
15;15;29/6/2011;101;448,09692;30/12/1989 21:00:00;0;0;21K;7542191,536;723042,83;2;TERRENO;M;2
16;16;29/6/2011;101;451,46143;30/12/1989 21:00:00;0;0;21K;7542350,815;723012,002;3;TERRENO;M;2
18;18;29/6/2011;101;449,05811;30/12/1989 21:00:00;0;0;21K;7542276,883;722915,728;4;TERRENO;G;3
32;32;29/6/2011;101;417,5752;30/12/1989 21:00:00;0;0;21K;7530208,159;730843,231;1;BEIRAESTRADA;EG;4
36;36;29/6/2011;101;401,23291;30/12/1989 21:00:00;0;0;21K;7536897,505;723737,332;4;BEIRAESTRADA;G;3
37;37;29/6/2011;101;376,47913;30/12/1989 21:00:00;0;0;21K;7536937,472;725115,271;2;BEIRAESTRADA;G;3
39;39;29/6/2011;101;423,10278;30/12/1989 21:00:00;0;0;21K;7542955,265;726087,841;5;TERRENO;G;3
40;40;29/6/2011;101;420,21875;30/12/1989 21:00:00;0;0;21K;7542997,602;726064,824;5;TERRENO;M;2
41;41;29/6/2011;101;420,21875;30/12/1989 21:00:00;0;0;21K;7542912,129;726109,013;5;TERRENO;M;2
43;43;29/6/2011;101;421,90112;30/12/1989 21:00:00;0;0;21K;7543418,711;725780,012;4;TERRENO;M;2
44;44;29/6/2011;101;406,03943;30/12/1989 21:00:00;0;0;21K;7542638,689;725749,877;5;CALCADA;P;1
45;45;29/6/2011;101;424,78503;30/12/1989 21:00:00;0;0;21K;7542736,027;725600,279;6;TERRENO;M;2
46;46;29/6/2011;101;421,90112;30/12/1989 21:00:00;0;0;21K;7542634,65;725566,706;2;TERRENO;M;2
49;49;29/6/2011;101;438,24341;30/12/1989 21:00:00;0;0;21K;7542925,557;725464,355;6;CALCADA;P;1
50;50;29/6/2011;101;439,20471;30/12/1989 21:00:00;0;0;21K;7543132,894;725351,527;6;TERRENO;M;2
52;52;29/6/2011;101;438,96436;30/12/1989 21:00:00;0;0;21K;7543235,018;725325,636;6;TERRENO;M;2
53;53;29/6/2011;101;440,64661;30/12/1989 21:00:00;0;0;21K;7543388,744;725545,705;6;TERRENO;M;2
54;54;29/6/2011;101;439,44495;30/12/1989 21:00:00;0;0;21K;7543372,751;725495,82;6;TERRENO;P;1
55;55;29/6/2011;101;433,67712;30/12/1989 21:00:00;0;0;21K;7543593,341;725649,843;6;TERRENO;M;2
57;57;29/6/2011;101;430,31262;30/12/1989 21:00:00;0;0;21K;7541960,01;726580,862;1;RUA;EG;4
58;58;29/6/2011;101;413,72998;30/12/1989 21:00:00;0;0;21K;7542632,894;730301,838;2;LIMITEUR;M;2
59;59;29/6/2011;101;423,58337;30/12/1989 21:00:00;0;0;21K;7542153,665;730767,153;2;PARTICULAR;G;3
60;60;29/6/2011;101;411,56702;30/12/1989 21:00:00;0;0;21K;7542669,881;731055,503;1;BEIRAESTRADA;EG;4
61;61;29/6/2011;101;414,21069;30/12/1989 21:00:00;0;0;21K;7542090,923;730690,724;5;CALCADA;P;1
62;62;29/6/2011;101;379,84363;30/12/1989 21:00:00;0;0;21K;7539629,317;731400,283;3;TERRENO;EG;4
63;63;29/6/2011;101;394,50366;30/12/1989 21:00:00;0;0;21K;7535844,535;728781,406;3;BEIRAESTRADA;EG;4
64;64;29/6/2011;101;400,99255;30/12/1989 21:00:00;0;0;21K;7536935,523;725983,823;1;BEIRAESTRADA;G;3
65;65;29/6/2011;101;403,87659;30/12/1989 21:00:00;0;0;21K;7538966,389;725447,187;1;APP;G;3
66;66;29/6/2011;101;432,47559;30/12/1989 21:00:00;0;0;21K;7543678,316;725578,26;1;RUA;EG;4
68;68;29/6/2011;101;410,125;30/12/1989 21:00:00;0;0;21K;7542220,212;725252,732;5;TERRENO;G;3
70;70;29/6/2011;101;424,54468;30/12/1989 21:00:00;0;0;21K;7542196,666;724447,793;5;APP;P;1
71;71;29/6/2011;101;424,54468;30/12/1989 21:00:00;0;0;21K;7542233,056;724264,578;5;CALCADA;P;1
72;72;29/6/2011;101;430,79333;30/12/1989 21:00:00;0;0;21K;7540619,245;723294,112;6;TERRENO;M;2
73;73;29/6/2011;101;414,69128;30/12/1989 21:00:00;0;0;21K;7539782,588;723640,36;1;APP;G;3
74;74;29/6/2011;101;395,94568;30/12/1989 21:00:00;0;0;21K;7537795,686;724045,662;1;APP;G;3
75;75;29/6/2011;101;382,72778;30/12/1989 21:00:00;0;0;21K;7537103,809;724849,472;3;APP;G;3
76;76;29/6/2011;101;394,98438;30/12/1989 21:00:00;0;0;21K;7536837,251;725312,044;2;TERRENO;G;3
77;77;29/6/2011;101;395,22461;30/12/1989 21:00:00;0;0;21K;7538139,987;725265,508;1;TERRENO;EG;4
78;78;29/6/2011;101;434,87878;30/12/1989 21:00:00;0;0;21K;7541781,15;723880,718;6;TERRENO;P;1
80;80;29/6/2011;101;449,05811;30/12/1989 21:00:00;0;0;21K;7541301,628;724033,702;3;CALCADA;M;2
81;81;29/6/2011;101;447,37585;30/12/1989 21:00:00;0;0;21K;7541128,593;723617,228;3;TERRENO;P;1
82;82;29/6/2011;101;443,04993;30/12/1989 21:00:00;0;0;21K;7541162,471;723303,343;1;TERRENO;M;2
83;83;29/6/2011;101;441,12732;30/12/1989 21:00:00;0;0;21K;7541258,707;723121,305;6;TERRENO;P;1
84;84;29/6/2011;101;444,7323;30/12/1989 21:00:00;0;0;21K;7541386,801;722918,126;1;TERRENO;M;2
85;85;29/6/2011;101;449,77917;30/12/1989 21:00:00;0;0;21K;7541522,117;722965,979;2;TERRENO;M;2
86;86;29/6/2011;101;445,21289;30/12/1989 21:00:00;0;0;21K;7541568,001;722995,888;3;TERRENO;M;2
87;87;29/6/2011;101;419,01721;30/12/1989 21:00:00;0;0;21K;7539288,146;728171,687;1;CALCADA;G;3
88;88;29/6/2011;101;396,66675;30/12/1989 21:00:00;0;0;21K;7536831,815;729507,622;6;CALCADA;M;2
89;89;29/6/2011;101;407,96204;30/12/1989 21:00:00;0;0;21K;7536312,109;728940,334;2;TERRENO;M;2
90;90;29/6/2011;101;401,95398;30/12/1989 21:00:00;0;0;21K;7536374,15;728903,721;5;TERRENO;P;1
93;93;29/6/2011;101;401,23291;30/12/1989 21:00:00;0;0;21K;7536683,5;728966,629;6;CALCADA;P;1
95;95;29/6/2011;101;400,99255;30/12/1989 21:00:00;0;0;21K;7536216,848;729084,185;1;RUA;G;3
96;96;29/6/2011;101;398,10876;30/12/1989 21:00:00;0;0;21K;7536294,165;729079,687;6;CALCADA;P;1
98;98;29/6/2011;101;397,86841;30/12/1989 21:00:00;0;0;21K;7536532,387;729048,188;1;TERRENO;P;1
100;100;29/6/2011;101;400,51196;30/12/1989 21:00:00;0;0;21K;7536618,335;729036,971;6;TERRENO;P;1
101;101;29/6/2011;101;399,79102;30/12/1989 21:00:00;0;0;21K;7536621,346;729036,151;6;TERRENO;M;2
105;105;29/6/2011;101;399,79102;30/12/1989 21:00:00;0;0;21K;7536523,235;729282,842;6;TERRENO;P;1
106;106;29/6/2011;101;398,10876;30/12/1989 21:00:00;0;0;21K;7536357,868;729312,61;3;TERRENO;M;2
107;107;29/6/2011;101;400,99255;30/12/1989 21:00:00;0;0;21K;7536292,258;729322,94;3;TERRENO;P;1
108;108;29/6/2011;101;393,54236;30/12/1989 21:00:00;0;0;21K;7536146,213;729336,933;3;TERRENO;P;1
109;109;29/6/2011;101;397,62805;30/12/1989 21:00:00;0;0;21K;7536215,354;729327,745;3;TERRENO;P;1
110;110;29/6/2011;101;398,349;30/12/1989 21:00:00;0;0;21K;7536497,112;729363,256;5;CALCADA;P;1
111;111;29/6/2011;101;401,71362;30/12/1989 21:00:00;0;0;21K;7536750,65;729339,617;6;TERRENO;P;1
113;113;29/6/2011;101;401,95398;30/12/1989 21:00:00;0;0;21K;7536563,909;729618,466;3;TERRENO;M;2
114;114;29/6/2011;101;404,35718;30/12/1989 21:00:00;0;0;21K;7536361,002;729719,469;3;TERRENO;P;1
116;116;29/6/2011;101;399,79102;30/12/1989 21:00:00;0;0;21K;7536800,444;729825,597;5;RUA;M;2
117;117;29/6/2011;101;394,50366;30/12/1989 21:00:00;0;0;21K;7536210,926;729240,617;3;CALCADA;M;2
118;118;29/6/2011;101;399,79102;30/12/1989 21:00:00;0;0;21K;7536491,014;729940,135;4;CALCADA;M;2
119;119;29/6/2011;101;397,3877;30/12/1989 21:00:00;0;0;21K;7536967,63;729897,939;5;CALCADA;P;1
120;120;29/6/2011;101;401,95398;30/12/1989 21:00:00;0;0;21K;7536624,666;729502,765;6;CALCADA;P;1
121;121;29/6/2011;101;407,00073;30/12/1989 21:00:00;0;0;21K;7536955,296;725653,407;2;TERRENO;EG;4
123;123;29/6/2011;101;428,63037;30/12/1989 21:00:00;0;0;21K;7537998,161;728168,986;6;TERRENO;M;2
124;124;29/6/2011;101;414,69128;30/12/1989 21:00:00;0;0;21K;7538005,56;728116,354;3;CALCADA;M;2
125;125;29/6/2011;101;410,84595;30/12/1989 21:00:00;0;0;21K;7537985,368;728012,124;6;CALCADA;M;2
126;126;29/6/2011;101;411,32666;30/12/1989 21:00:00;0;0;21K;7537973,86;728004,756;6;CALCADA;P;1
127;127;29/6/2011;101;415,172;30/12/1989 21:00:00;0;0;21K;7538065,093;727939,313;3;CALCADA;P;1
129;129;29/6/2011;101;404,83777;30/12/1989 21:00:00;0;0;21K;7538035,163;727879,307;6;CALCADA;P;1
131;131;29/6/2011;101;418,05591;30/12/1989 21:00:00;0;0;21K;7538321,987;728285,147;2;CALCADA;M;2
132;132;29/6/2011;101;411,56702;30/12/1989 21:00:00;0;0;21K;7538306,375;728124,281;6;CALCADA;P;1
133;133;29/6/2011;101;410,36536;30/12/1989 21:00:00;0;0;21K;7538295,48;728019,175;1;TERRENO;G;3
134;134;29/6/2011;101;414,21069;30/12/1989 21:00:00;0;0;21K;7538281,496;727883,296;1;CALCADA;P;1
135;135;29/6/2011;101;412,28809;30/12/1989 21:00:00;0;0;21K;7538269,119;727782,913;6;CALCADA;P;1
136;136;29/6/2011;101;413,48975;30/12/1989 21:00:00;0;0;21K;7538333,276;728088,502;6;TERRENO;M;2
138;138;29/6/2011;101;418,5365;30/12/1989 21:00:00;0;0;21K;7538493,617;728068,79;6;TERRENO;P;1
140;140;29/6/2011;101;415,41235;30/12/1989 21:00:00;0;0;21K;7538655,485;728051,268;2;TERRENO;G;3
141;141;29/6/2011;101;414,21069;30/12/1989 21:00:00;0;0;21K;7538647,708;727864,843;6;CALCADA;P;1
142;142;29/6/2011;101;418,5365;30/12/1989 21:00:00;0;0;21K;7538512,754;728248,914;6;CALCADA;P;1
143;143;29/6/2011;101;418,29614;30/12/1989 21:00:00;0;0;21K;7538733,588;728336,214;6;CALCADA;M;2
144;144;29/6/2011;101;421,18018;30/12/1989 21:00:00;0;0;21K;7538720,444;728185,64;6;CALCADA;P;1
147;147;29/6/2011;101;410,84595;30/12/1989 21:00:00;0;0;21K;7538567,106;727749,252;6;CALCADA;P;1
148;148;29/6/2011;101;424,54468;30/12/1989 21:00:00;0;0;21K;7538581,937;727802,436;6;CALCADA;P;1
149;149;29/6/2011;101;423,82373;30/12/1989 21:00:00;0;0;21K;7538595,619;727828,696;2;CALCADA;P;1
150;150;29/6/2011;101;421,90112;30/12/1989 21:00:00;0;0;21K;7538602,11;727884,602;5;CALCADA;M;2
151;151;29/6/2011;101;426,46729;30/12/1989 21:00:00;0;0;21K;7538603,861;727910,877;6;CALCADA;P;1
152;152;29/6/2011;101;424,06396;30/12/1989 21:00:00;0;0;21K;7538616,983;727997,107;6;TERRENO;M;2
154;154;29/6/2011;101;428,39001;30/12/1989 21:00:00;0;0;21K;7538635,912;728206,176;3;TERRENO;M;2
158;158;29/6/2011;101;422,62207;30/12/1989 21:00:00;0;0;21K;7538570,385;728219,721;6;TERRENO;P;1
160;160;29/6/2011;101;426,948;30/12/1989 21:00:00;0;0;21K;7538536,834;728027,095;6;TERRENO;P;1
161;161;29/6/2011;101;423,34302;30/12/1989 21:00:00;0;0;21K;7538528,486;727954,16;2;TERRENO;M;2
162;162;29/6/2011;101;419,73816;30/12/1989 21:00:00;0;0;21K;7538524,325;727872,903;6;CALCADA;P;1
163;163;29/6/2011;101;419,4978;30/12/1989 21:00:00;0;0;21K;7538519,568;727775,897;6;TERRENO;M;2
164;164;29/6/2011;101;415,41235;30/12/1989 21:00:00;0;0;21K;7538454,765;727738,026;2;CALCADA;P;1
166;166;29/6/2011;101;419,73816;30/12/1989 21:00:00;0;0;21K;7538415,497;728390,254;6;CALCADA;P;1
167;167;29/6/2011;101;425,74634;30/12/1989 21:00:00;0;0;21K;7538406,264;728304,886;6;CALCADA;P;1
168;168;29/6/2011;101;424,06396;30/12/1989 21:00:00;0;0;21K;7538383,427;727954,918;6;CALCADA;P;1
169;169;29/6/2011;101;421,90112;30/12/1989 21:00:00;0;0;21K;7538354,572;727754,022;6;CALCADA;P;1
170;170;29/6/2011;101;422,14136;30/12/1989 21:00:00;0;0;21K;7539165,589;728260,378;6;TERRENO;M;2
172;172;29/6/2011;101;419,97852;30/12/1989 21:00:00;0;0;21K;7539230,766;727653,125;2;RUA;M;2
174;174;29/6/2011;101;412,28809;30/12/1989 21:00:00;0;0;21K;7538778,103;728032,619;6;TERRENO;M;2
175;175;29/6/2011;101;410,60559;30/12/1989 21:00:00;0;0;21K;7539123,181;728201,662;5;CALCADA;P;1
176;176;29/6/2011;101;409,40405;30/12/1989 21:00:00;0;0;21K;7539104,958;728114,448;4;CALCADA;P;1
177;177;29/6/2011;101;411,0863;30/12/1989 21:00:00;0;0;21K;7539055,485;727596,63;1;CALCADA;EG;4
178;178;29/6/2011;101;398,10876;30/12/1989 21:00:00;0;0;21K;7539036,976;727421,256;6;APP;M;2
179;179;29/6/2011;101;408,20239;30/12/1989 21:00:00;0;0;21K;7538744,511;727565,98;6;CALCADA;M;2
180;180;29/6/2011;101;403,63623;30/12/1989 21:00:00;0;0;21K;7538704,836;727367,439;2;APP;M;2
181;181;29/6/2011;101;404,83777;30/12/1989 21:00:00;0;0;21K;7538652,389;727550,642;1;CALCADA;P;1
182;182;29/6/2011;101;414,69128;30/12/1989 21:00:00;0;0;21K;7538580,196;727627,856;3;TERRENO;M;2
184;184;29/6/2011;101;401,71362;30/12/1989 21:00:00;0;0;21K;7538450,551;727359,384;6;TERRENO;P;1
185;185;29/6/2011;101;402,67493;30/12/1989 21:00:00;0;0;21K;7538476,433;727422,072;6;TERRENO;P;1
186;186;29/6/2011;101;408,92334;30/12/1989 21:00:00;0;0;21K;7538478,105;727474,207;6;TERRENO;P;1
187;187;29/6/2011;101;407,7218;30/12/1989 21:00:00;0;0;21K;7538497,661;727631,854;2;TERRENO;M;2
188;188;29/6/2011;101;406,76038;30/12/1989 21:00:00;0;0;21K;7538722,833;727528,324;5;CALCADA;P;1
189;189;29/6/2011;101;403,63623;30/12/1989 21:00:00;0;0;21K;7538816,863;727496,297;4;TERRENO;P;1
190;190;29/6/2011;101;399,06995;30/12/1989 21:00:00;0;0;21K;7538802,065;727255,444;4;TERRENO;P;1
191;191;29/6/2011;101;467,80371;30/12/1989 21:00:00;0;0;21K;7542356,924;721823,89;7;TERRENO;P;1
192;192;29/6/2011;101;451,94214;30/12/1989 21:00:00;0;0;21K;7543293,196;721561,066;6;BEIRAESTRADA;EG;4
193;193;29/6/2011;101;457,9502;30/12/1989 21:00:00;0;0;21K;7542786,164;721697,39;5;RUA;G;3
194;194;29/6/2011;101;465,8811;30/12/1989 21:00:00;0;0;21K;7542779,697;721392,661;5;CALCADA;M;2
195;195;29/6/2011;101;462,99719;30/12/1989 21:00:00;0;0;21K;7542281,674;721448,955;1;BEIRAESTRADA;EG;4
196;196;29/6/2011;101;444,49194;30/12/1989 21:00:00;0;0;21K;7541577,609;721276,149;6;CALCADA;M;2
199;199;29/6/2011;101;450,98071;30/12/1989 21:00:00;0;0;21K;7540947,28;723844,947;5;TERRENO;M;2
201;201;29/6/2011;101;444,49194;30/12/1989 21:00:00;0;0;21K;7541018,248;723477,024;6;CALCADA;P;1
202;202;29/6/2011;101;433,43689;30/12/1989 21:00:00;0;0;21K;7540466,295;723998,237;6;TERRENO;P;1
203;203;29/6/2011;101;431,51428;30/12/1989 21:00:00;0;0;21K;7540976,149;722803,628;3;TERRENO;M;2
205;205;29/6/2011;101;441,60791;30/12/1989 21:00:00;0;0;21K;7540693,275;722831,229;6;CALCADA;M;2
207;207;29/6/2011;101;453,14368;30/12/1989 21:00:00;0;0;21K;7540808,955;722729,355;6;TERRENO;M;2
208;208;29/6/2011;101;434,15784;30/12/1989 21:00:00;0;0;21K;7540487,806;722851,566;6;TERRENO;M;2
210;210;29/6/2011;101;441,84827;30/12/1989 21:00:00;0;0;21K;7540579,274;722588,937;5;CALCADA;P;1
211;211;29/6/2011;101;438,00305;30/12/1989 21:00:00;0;0;21K;7540519,361;722657,894;6;CALCADA;P;1
212;212;29/6/2011;101;431,51428;30/12/1989 21:00:00;0;0;21K;7540419,557;722806,602;6;CALCADA;P;1
213;213;29/6/2011;101;434,15784;30/12/1989 21:00:00;0;0;21K;7540644,302;722622,817;2;CALCADA;G;3
214;214;29/6/2011;101;435,11914;30/12/1989 21:00:00;0;0;21K;7540683,992;722484,789;5;CALCADA;M;2
215;215;29/6/2011;101;434,63855;30/12/1989 21:00:00;0;0;21K;7540664,674;722472,869;6;CALCADA;M;2
216;216;29/6/2011;101;435,3595;30/12/1989 21:00:00;0;0;21K;7540317,747;723078,026;2;CALCADA;P;1
217;217;29/6/2011;101;426,948;30/12/1989 21:00:00;0;0;21K;7540321,709;722818,897;5;CALCADA;P;1
218;218;29/6/2011;101;429,59167;30/12/1989 21:00:00;0;0;21K;7540045,204;722946,554;6;CALCADA;M;2
220;220;29/6/2011;101;436,08044;30/12/1989 21:00:00;0;0;21K;7540669,261;722110,982;4;CALCADA;P;1
221;221;29/6/2011;101;435,84009;30/12/1989 21:00:00;0;0;21K;7540485,804;722352,664;6;CALCADA;P;1
222;222;29/6/2011;101;437,52234;30/12/1989 21:00:00;0;0;21K;7540768,587;722875,033;2;CALCADA;M;2
223;223;29/6/2011;101;438,96436;30/12/1989 21:00:00;0;0;21K;7540607,876;722955,421;5;CALCADA;M;2
224;224;29/6/2011;101;435,3595;30/12/1989 21:00:00;0;0;21K;7540442,151;722632,588;6;TERRENO;M;2
225;225;29/6/2011;101;433,91748;30/12/1989 21:00:00;0;0;21K;7540487,177;722174,095;2;CALCADA;P;1
226;226;29/6/2011;101;431,99487;30/12/1989 21:00:00;0;0;21K;7540047,313;722789,817;6;TERRENO;M;2
227;227;29/6/2011;101;422,14136;30/12/1989 21:00:00;0;0;21K;7539848,03;722830,822;6;TERRENO;M;2
228;228;29/6/2011;101;423,10278;30/12/1989 21:00:00;0;0;21K;7539759,16;722675,304;6;TERRENO;M;2
229;229;29/6/2011;101;421,42041;30/12/1989 21:00:00;0;0;21K;7539650,931;722665,479;6;TERRENO;P;1
230;230;29/6/2011;101;423,58337;30/12/1989 21:00:00;0;0;21K;7539956,928;722260,471;1;APP;EG;4
232;232;29/6/2011;101;432,95618;30/12/1989 21:00:00;0;0;21K;7540596,097;721716,102;2;RUA;P;1
234;234;29/6/2011;101;431,03357;30/12/1989 21:00:00;0;0;21K;7540397,293;721636,129;6;LIMITEUR;G;3
235;235;29/6/2011;101;434,63855;30/12/1989 21:00:00;0;0;21K;7539955,664;721920,066;6;CALCADA;P;1
237;237;29/6/2011;101;430,07227;30/12/1989 21:00:00;0;0;21K;7540317,376;721810,339;6;TERRENO;P;1
238;238;29/6/2011;101;426,70764;30/12/1989 21:00:00;0;0;21K;7540272,995;721936,516;6;TERRENO;M;2
240;240;29/6/2011;101;428,63037;30/12/1989 21:00:00;0;0;21K;7540428,744;721766,514;6;CALCADA;P;1
241;241;29/6/2011;101;429,83191;30/12/1989 21:00:00;0;0;21K;7540411,071;721917,734;6;CALCADA;M;2
242;242;29/6/2011;101;426,948;30/12/1989 21:00:00;0;0;21K;7540304,008;722075,997;3;CALCADA;P;1
243;243;29/6/2011;101;427,90918;30/12/1989 21:00:00;0;0;21K;7540246,221;722098,876;3;TERRENO;P;1
244;244;29/6/2011;101;427,90918;30/12/1989 21:00:00;0;0;21K;7540261,473;722166,206;3;CALCADA;M;2
245;245;29/6/2011;101;427,66895;30/12/1989 21:00:00;0;0;21K;7540233,968;722106,473;3;CALCADA;P;1
246;246;29/6/2011;101;431,03357;30/12/1989 21:00:00;0;0;21K;7539890,283;722007,502;6;TERRENO;M;2
247;247;29/6/2011;101;433,91748;30/12/1989 21:00:00;0;0;21K;7539844,1;721941,766;6;RUA;M;2
248;248;29/6/2011;101;430,79333;30/12/1989 21:00:00;0;0;21K;7539839,897;721830,564;1;LIMITEUR;EG;4
250;250;29/6/2011;101;438,24341;30/12/1989 21:00:00;0;0;21K;7539633,793;721812,836;3;LIMITEUR;EG;4
252;252;29/6/2011;101;435,59973;30/12/1989 21:00:00;0;0;21K;7539352,85;721741,345;3;LIMITEUR;EG;4
253;253;29/6/2011;101;433,43689;30/12/1989 21:00:00;0;0;21K;7539180,04;721720,4;3;LIMITEUR;G;3
254;254;29/6/2011;101;431,27393;30/12/1989 21:00:00;0;0;21K;7539241,373;722072,853;6;CALCADA;M;2
255;255;29/6/2011;101;435,11914;30/12/1989 21:00:00;0;0;21K;7539386,341;722006,235;6;TERRENO;M;2
256;256;29/6/2011;101;434,39819;30/12/1989 21:00:00;0;0;21K;7539312,742;722106,127;6;TERRENO;M;2
257;257;29/6/2011;101;431,27393;30/12/1989 21:00:00;0;0;21K;7539467,551;722082,037;6;CALCADA;P;1
258;258;29/6/2011;101;430,55298;30/12/1989 21:00:00;0;0;21K;7539424,402;722236,143;6;TERRENO;M;2
260;260;29/6/2011;101;430,79333;30/12/1989 21:00:00;0;0;21K;7539336,592;722338,32;4;TERRENO;P;1
261;261;29/6/2011;101;430,55298;30/12/1989 21:00:00;0;0;21K;7539218,312;722461,749;6;TERRENO;P;1
262;262;29/6/2011;101;427,42859;30/12/1989 21:00:00;0;0;21K;7539198,927;722530,689;6;TERRENO;G;3
263;263;29/6/2011;101;426,70764;30/12/1989 21:00:00;0;0;21K;7539288,048;722533,983;6;TERRENO;P;1
264;264;29/6/2011;101;431,99487;30/12/1989 21:00:00;0;0;21K;7539459,929;722328,366;2;CALCADA;M;2
266;266;29/6/2011;101;436,56116;30/12/1989 21:00:00;0;0;21K;7539768,955;722005,447;2;TERRENO;M;2
267;267;29/6/2011;101;428,39001;30/12/1989 21:00:00;0;0;21K;7539570,396;722330,312;3;TERRENO;M;2
269;269;29/6/2011;101;421,90112;30/12/1989 21:00:00;0;0;21K;7539337,76;722686,033;6;CALCADA;P;1
270;270;29/6/2011;101;419,97852;30/12/1989 21:00:00;0;0;21K;7539705,836;723181,103;6;CALCADA;M;2
271;271;29/6/2011;101;418,5365;30/12/1989 21:00:00;0;0;21K;7539861,01;723003,669;6;TERRENO;M;2
272;272;29/6/2011;101;419,25757;30/12/1989 21:00:00;0;0;21K;7539805,592;722974,983;3;TERRENO;P;1
273;273;29/6/2011;101;417,5752;30/12/1989 21:00:00;0;0;21K;7539672,592;723104,226;6;LIMITEUR;M;2
274;274;29/6/2011;101;412,04773;30/12/1989 21:00:00;0;0;21K;7539574,606;723233,189;6;LIMITEUR;M;2
275;275;29/6/2011;101;410,60559;30/12/1989 21:00:00;0;0;21K;7539603,303;723250,766;6;LIMITEUR;M;2
276;276;29/6/2011;101;420,69946;30/12/1989 21:00:00;0;0;21K;7539895,488;723370,118;1;TERRENO;EG;4
277;277;29/6/2011;101;417,33496;30/12/1989 21:00:00;0;0;21K;7539966,784;723268,241;3;TERRENO;G;3
278;278;29/6/2011;101;417,33496;30/12/1989 21:00:00;0;0;21K;7539730,412;723038,227;6;TERRENO;M;2
279;279;29/6/2011;101;410,84595;30/12/1989 21:00:00;0;0;21K;7539717,929;722955,405;2;TERRENO;M;2
282;282;29/6/2011;101;413,00903;30/12/1989 21:00:00;0;0;21K;7539641,254;722960,87;2;LIMITEUR;EG;4
283;283;29/6/2011;101;419,4978;30/12/1989 21:00:00;0;0;21K;7539506,02;722835,16;6;LIMITEUR;EG;4
284;284;29/6/2011;101;413,97034;30/12/1989 21:00:00;0;0;21K;7539620,126;723634,661;1;APP;M;2
285;285;29/6/2011;101;412,04773;30/12/1989 21:00:00;0;0;21K;7539631,293;723681,411;6;APP;M;2
286;286;29/6/2011;101;407,96204;30/12/1989 21:00:00;0;0;21K;7538796,025;724181,431;5;TERRENO;P;1
287;287;29/6/2011;101;392,82141;30/12/1989 21:00:00;0;0;21K;7538671,359;724140,857;6;CALCADA;G;3
288;288;29/6/2011;101;383,20837;30/12/1989 21:00:00;0;0;21K;7537009,823;725355,211;3;CALCADA;P;1
289;289;29/6/2011;101;401,71362;30/12/1989 21:00:00;0;0;21K;7537139,58;726108,807;3;TERRENO;P;1
290;290;29/6/2011;101;408,44275;30/12/1989 21:00:00;0;0;21K;7537089,172;725652,805;6;TERRENO;M;2
291;291;29/6/2011;101;397,62805;30/12/1989 21:00:00;0;0;21K;7537110,606;725259,673;2;CALCADA;P;1
292;292;29/6/2011;101;411,80725;30/12/1989 21:00:00;0;0;21K;7537200,755;725881,625;2;CALCADA;P;1
293;293;29/6/2011;101;411,56702;30/12/1989 21:00:00;0;0;21K;7537200,287;725883,174;3;CALCADA;P;1
294;294;29/6/2011;101;413,72998;30/12/1989 21:00:00;0;0;21K;7537211,971;726066,048;6;TERRENO;P;1
295;295;29/6/2011;101;408,92334;30/12/1989 21:00:00;0;0;21K;7537296,704;726214,47;6;CALCADA;P;1
297;297;29/6/2011;101;415,65259;30/12/1989 21:00:00;0;0;21K;7537271,882;725806,92;6;CALCADA;P;1
298;298;29/6/2011;101;400,75232;30/12/1989 21:00:00;0;0;21K;7537453,091;726123,934;4;TERRENO;M;2
299;299;29/6/2011;101;389,9375;30/12/1989 21:00:00;0;0;21K;7537574,564;725033,802;6;CALCADA;P;1
300;300;29/6/2011;101;407,7218;30/12/1989 21:00:00;0;0;21K;7537653,928;725551,027;6;TERRENO;M;2
302;302;29/6/2011;101;394,74402;30/12/1989 21:00:00;0;0;21K;7537849,085;725176,406;1;TERRENO;G;3
303;303;29/6/2011;101;405,55884;30/12/1989 21:00:00;0;0;21K;7538131,059;725558,051;2;TERRENO;M;2
304;304;29/6/2011;101;404,59753;30/12/1989 21:00:00;0;0;21K;7538441,979;725816,358;6;TERRENO;P;1
305;305;29/6/2011;101;399,3103;30/12/1989 21:00:00;0;0;21K;7538006,503;725917,994;6;CALCADA;P;1
306;306;29/6/2011;101;406,76038;30/12/1989 21:00:00;0;0;21K;7538858,402;725541,37;2;CALCADA;P;1
307;307;29/6/2011;101;404,83777;30/12/1989 21:00:00;0;0;21K;7538927,673;725500,364;5;CALCADA;P;1
308;308;29/6/2011;101;410,84595;30/12/1989 21:00:00;0;0;21K;7538967,599;725857,03;6;CALCADA;P;1
309;309;29/6/2011;101;417,5752;30/12/1989 21:00:00;0;0;21K;7539726,935;725377,539;2;TERRENO;P;1
310;310;29/6/2011;101;424,06396;30/12/1989 21:00:00;0;0;21K;7539745,461;725627,902;2;TERRENO;P;1
312;312;29/6/2011;101;414,69128;30/12/1989 21:00:00;0;0;21K;7539314,901;725730,103;3;CALCADA;M;2
313;313;29/6/2011;101;378,40173;30/12/1989 21:00:00;0;0;21K;7537266,909;724656,573;4;APP;M;2
314;314;29/6/2011;101;383,68896;30/12/1989 21:00:00;0;0;21K;7537753,208;724604,508;5;APP;M;2
315;315;29/6/2011;101;394,74402;30/12/1989 21:00:00;0;0;21K;7537974,132;724517,752;1;CALCADA;M;2
316;316;29/6/2011;101;388,49561;30/12/1989 21:00:00;0;0;21K;7538234,22;724292,111;6;TERRENO;P;1
317;317;29/6/2011;101;405,07813;30/12/1989 21:00:00;0;0;21K;7538425,375;724215,663;1;CALCADA;P;1
318;318;29/6/2011;101;405,79919;30/12/1989 21:00:00;0;0;21K;7538288,524;724197,956;3;CALCADA;P;1
320;320;29/6/2011;101;396,18616;30/12/1989 21:00:00;0;0;21K;7538183,62;725092,214;3;TERRENO;M;2
322;322;29/6/2011;101;407,96204;30/12/1989 21:00:00;0;0;21K;7538565,238;724953,838;1;TERRENO;G;3
323;323;29/6/2011;101;394,50366;30/12/1989 21:00:00;0;0;21K;7538492,23;724655,846;6;CALCADA;M;2
324;324;29/6/2011;101;416,1333;30/12/1989 21:00:00;0;0;21K;7538818,911;724663,482;6;CALCADA;M;2
325;325;29/6/2011;101;397,62805;30/12/1989 21:00:00;0;0;21K;7537025,931;726583,413;6;TERRENO;M;2
326;326;29/6/2011;101;393,54236;30/12/1989 21:00:00;0;0;21K;7537175,087;726436,064;3;CALCADA;P;1
328;328;29/6/2011;101;388,49561;30/12/1989 21:00:00;0;0;21K;7537175,489;726650,502;6;TERRENO;P;1
329;329;29/6/2011;101;394,98438;30/12/1989 21:00:00;0;0;21K;7537341,894;726492,522;6;TERRENO;P;1
330;330;29/6/2011;101;388,73584;30/12/1989 21:00:00;0;0;21K;7537685,59;726738,238;6;TERRENO;G;3
331;331;29/6/2011;101;387,05359;30/12/1989 21:00:00;0;0;21K;7537758,946;726652,21;7;CALCADA;P;1
332;332;29/6/2011;101;388,25525;30/12/1989 21:00:00;0;0;21K;7537808,596;726613,571;3;CALCADA;G;3
333;333;29/6/2011;101;389,21655;30/12/1989 21:00:00;0;0;21K;7537830,483;726602,55;3;APP;M;2
334;334;29/6/2011;101;385,85193;30/12/1989 21:00:00;0;0;21K;7537335,513;727540,671;7;TERRENO;M;2
335;335;29/6/2011;101;381,52612;30/12/1989 21:00:00;0;0;21K;7537258,235;727639,315;3;TERRENO;P;1
336;336;29/6/2011;101;391,86011;30/12/1989 21:00:00;0;0;21K;7537779,529;727470,844;3;TERRENO;P;1
337;337;29/6/2011;101;389,69714;30/12/1989 21:00:00;0;0;21K;7537581,995;727316,123;3;CALCADA;P;1
338;338;29/6/2011;101;389,21655;30/12/1989 21:00:00;0;0;21K;7537894,429;727428,778;2;CALCADA;P;1
339;339;29/6/2011;101;393,54236;30/12/1989 21:00:00;0;0;21K;7538186,209;726986,81;5;CALCADA;P;1
340;340;29/6/2011;101;386,09229;30/12/1989 21:00:00;0;0;21K;7538115,81;726875,352;5;TERRENO;M;2
341;341;29/6/2011;101;387,05359;30/12/1989 21:00:00;0;0;21K;7537927,276;726818,996;6;LIMITEUR;M;2
342;342;29/6/2011;101;387,77454;30/12/1989 21:00:00;0;0;21K;7537931,507;726895,125;2;TERRENO;M;2
343;343;29/6/2011;101;393,54236;30/12/1989 21:00:00;0;0;21K;7538052,244;727212,814;6;CALCADA;M;2
344;344;29/6/2011;101;396,18616;30/12/1989 21:00:00;0;0;21K;7538246,582;727519,863;6;TERRENO;P;1
345;345;29/6/2011;101;396,9071;30/12/1989 21:00:00;0;0;21K;7538003,839;726399,252;2;TERRENO;M;2
346;346;29/6/2011;101;393,54236;30/12/1989 21:00:00;0;0;21K;7538389,019;726540,346;2;CALCADA;P;1
348;348;29/6/2011;101;400,27161;30/12/1989 21:00:00;0;0;21K;7539097,677;727073,462;2;TERRENO;G;3
349;349;29/6/2011;101;400,27161;30/12/1989 21:00:00;0;0;21K;7539391,364;727228,374;1;APP;EG;4
350;350;29/6/2011;101;403,15552;30/12/1989 21:00:00;0;0;21K;7539395,12;726933,361;5;RUA;EG;4
351;351;29/6/2011;101;438,724;30/12/1989 21:00:00;0;0;21K;7541817,936;724346,521;5;TERRENO;M;2
353;353;29/6/2011;101;419,01721;30/12/1989 21:00:00;0;0;21K;7539649,037;726444,623;5;CALCADA;P;1
354;354;29/6/2011;101;416,85425;30/12/1989 21:00:00;0;0;21K;7540469,473;728818,579;5;CALCADA;P;1
358;358;29/6/2011;101;420,93982;30/12/1989 21:00:00;0;0;21K;7540000,321;729461,479;5;TERRENO;M;2
359;359;29/6/2011;101;425,50598;30/12/1989 21:00:00;0;0;21K;7540319,699;729170,428;2;TERRENO;M;2
360;360;29/6/2011;101;426,22693;30/12/1989 21:00:00;0;0;21K;7539992,876;729314,865;2;TERRENO;P;1
361;361;29/6/2011;101;421,42041;30/12/1989 21:00:00;0;0;21K;7540530,194;729417,091;5;TERRENO;P;1
363;363;29/6/2011;101;415,172;30/12/1989 21:00:00;0;0;21K;7540702,082;731290,441;6;TERRENO;P;1
364;364;29/6/2011;101;410,125;30/12/1989 21:00:00;0;0;21K;7540848,679;731407,859;6;CALCADA;G;3
365;365;29/6/2011;101;411,32666;30/12/1989 21:00:00;0;0;21K;7540839,881;731291,661;6;CALCADA;M;2
366;366;29/6/2011;101;409,40405;30/12/1989 21:00:00;0;0;21K;7540284,47;731525,931;6;LIMITEUR;P;1
367;367;29/6/2011;101;398,58936;30/12/1989 21:00:00;0;0;21K;7540266,144;731189,374;2;TERRENO;M;2
368;368;29/6/2011;101;410,84595;30/12/1989 21:00:00;0;0;21K;7540307,764;730888,016;6;TERRENO;P;1
369;369;29/6/2011;101;408,44275;30/12/1989 21:00:00;0;0;21K;7540483,219;730866,908;6;CALCADA;P;1
370;370;29/6/2011;101;418,29614;30/12/1989 21:00:00;0;0;21K;7540767,11;730717,816;6;TERRENO;P;1
371;371;29/6/2011;101;405,07813;30/12/1989 21:00:00;0;0;21K;7540116,979;730546,804;2;CALCADA;P;1
372;372;29/6/2011;101;406,76038;30/12/1989 21:00:00;0;0;21K;7539766,898;730577,636;6;LIMITEUR;P;1
373;373;29/6/2011;101;414,93164;30/12/1989 21:00:00;0;0;21K;7540693,546;730446,863;3;CALCADA;P;1
374;374;29/6/2011;101;401,71362;30/12/1989 21:00:00;0;0;21K;7539908,557;732006,044;1;TERRENO;G;3
375;375;29/6/2011;101;402,19421;30/12/1989 21:00:00;0;0;21K;7540115,9;731978,645;2;CALCADA;P;1
376;376;29/6/2011;101;396,9071;30/12/1989 21:00:00;0;0;21K;7540076,82;731544,695;2;CALCADA;P;1
377;377;29/6/2011;101;402,91516;30/12/1989 21:00:00;0;0;21K;7540123,561;731707,311;6;LIMITEUR;M;2
378;378;29/6/2011;101;439,92566;30/12/1989 21:00:00;0;0;21K;7540605,457;730138,043;3;CALCADA;P;1
379;379;29/6/2011;101;428,39001;30/12/1989 21:00:00;0;0;21K;7540198,58;729932,182;1;TERRENO;G;3
380;380;29/6/2011;101;416,1333;30/12/1989 21:00:00;0;0;21K;7540051,863;729943,333;6;TERRENO;M;2
381;381;29/6/2011;101;411,32666;30/12/1989 21:00:00;0;0;21K;7539607,735;730015,9;6;RUA;EG;4
382;382;29/6/2011;101;414,69128;30/12/1989 21:00:00;0;0;21K;7539790,497;729813,829;6;CALCADA;P;1
383;383;29/6/2011;101;433,91748;30/12/1989 21:00:00;0;0;21K;7540245,647;729545,402;2;TERRENO;P;1
384;384;29/6/2011;101;430,55298;30/12/1989 21:00:00;0;0;21K;7540496,412;729463,405;2;TERRENO;P;1
385;385;29/6/2011;101;431,75452;30/12/1989 21:00:00;0;0;21K;7540629,805;729550,801;3;TERRENO;P;1
386;386;29/6/2011;101;421,90112;30/12/1989 21:00:00;0;0;21K;7539766,817;729237,765;1;APP;G;3
387;387;29/6/2011;101;418,05591;30/12/1989 21:00:00;0;0;21K;7541059,025;730893,362;6;TERRENO;M;2
388;388;29/6/2011;101;410,84595;30/12/1989 21:00:00;0;0;21K;7541006,706;731480,139;2;RUA;EG;4
389;389;29/6/2011;101;409,64441;30/12/1989 21:00:00;0;0;21K;7540986,402;731375,986;6;CALCADA;M;2
390;390;29/6/2011;101;407,7218;30/12/1989 21:00:00;0;0;21K;7541189,033;731381,997;2;TERRENO;M;2
391;391;29/6/2011;101;407,96204;30/12/1989 21:00:00;0;0;21K;7541173,181;731125,736;5;TERRENO;P;1
392;392;29/6/2011;101;416,1333;30/12/1989 21:00:00;0;0;21K;7541524,151;731181,109;3;CALCADA;M;2
393;393;29/6/2011;101;407,7218;30/12/1989 21:00:00;0;0;21K;7541551,946;731478,471;3;CALCADA;G;3
394;394;29/6/2011;101;400,03137;30/12/1989 21:00:00;0;0;21K;7541980,374;731351,912;6;LIMITEUR;P;1
395;395;29/6/2011;101;414,93164;30/12/1989 21:00:00;0;0;21K;7541060,987;730568,986;6;TERRENO;M;2
396;396;29/6/2011;101;424,30432;30/12/1989 21:00:00;0;0;21K;7541231,424;730449,278;6;TERRENO;M;2
397;397;29/6/2011;101;422,62207;30/12/1989 21:00:00;0;0;21K;7541244,564;730339,679;6;TERRENO;M;2
398;398;29/6/2011;101;421,90112;30/12/1989 21:00:00;0;0;21K;7540985,079;730191,662;2;CALCADA;P;1
399;399;29/6/2011;101;427,42859;30/12/1989 21:00:00;0;0;21K;7540938,648;730017,603;2;RUA;G;3
400;400;29/6/2011;101;424,54468;30/12/1989 21:00:00;0;0;21K;7541908,389;730011,511;2;LIMITEUR;G;3
401;401;29/6/2011;101;422,62207;30/12/1989 21:00:00;0;0;21K;7541665,172;729970,469;3;RUA;P;1
402;402;29/6/2011;101;431,51428;30/12/1989 21:00:00;0;0;21K;7541092,935;730210,395;6;TERRENO;M;2
403;403;29/6/2011;101;432,95618;30/12/1989 21:00:00;0;0;21K;7541277,499;729828,599;6;TERRENO;M;2
404;404;29/6/2011;101;434,39819;30/12/1989 21:00:00;0;0;21K;7540952,064;729860,688;6;TERRENO;M;2
405;405;29/6/2011;101;436,56116;30/12/1989 21:00:00;0;0;21K;7541142,557;729837,108;1;TERRENO;EG;4
406;406;29/6/2011;101;442,32898;30/12/1989 21:00:00;0;0;21K;7541478,186;729453,317;3;CALCADA;P;1
408;408;29/6/2011;101;434,63855;30/12/1989 21:00:00;0;0;21K;7540853,288;729025,12;6;TERRENO;M;2
409;409;29/6/2011;101;444,97266;30/12/1989 21:00:00;0;0;21K;7541644,961;728820,497;1;TERRENO;P;1
410;410;29/6/2011;101;437,04175;30/12/1989 21:00:00;0;0;21K;7541601,271;728348,305;5;TERRENO;P;1
411;411;29/6/2011;101;441,36755;30/12/1989 21:00:00;0;0;21K;7541610,087;728276,169;6;TERRENO;M;2
412;412;29/6/2011;101;434,63855;30/12/1989 21:00:00;0;0;21K;7541073,018;728276,08;1;TERRENO;M;2
413;413;29/6/2011;101;433,67712;30/12/1989 21:00:00;0;0;21K;7541064,915;728201,607;3;CALCADA;M;2
414;414;29/6/2011;101;434,87878;30/12/1989 21:00:00;0;0;21K;7540793,233;727944,787;7;TERRENO;P;1
415;415;29/6/2011;101;419,4978;30/12/1989 21:00:00;0;0;21K;7542752,187;728494,351;6;LIMITEUR;P;1
416;416;29/6/2011;101;442,08862;30/12/1989 21:00:00;0;0;21K;7542003,284;728676,449;1;TERRENO;EG;4
417;417;29/6/2011;101;428,14966;30/12/1989 21:00:00;0;0;21K;7541998,307;729498,792;6;CALCADA;P;1
418;418;29/6/2011;101;433,67712;30/12/1989 21:00:00;0;0;21K;7541823,997;729439,681;3;TERRENO;M;2
419;419;29/6/2011;101;435,59973;30/12/1989 21:00:00;0;0;21K;7541837,332;729825,444;2;CALCADA;M;2
420;420;29/6/2011;101;428,39001;30/12/1989 21:00:00;0;0;21K;7542709,158;728948,733;6;TERRENO;M;2
